title,link
FTP.Username.XSS,https://www.fortiguard.com/encyclopedia/ips/56486
CIP.Scanner,https://www.fortiguard.com/encyclopedia/ips/52663
FG-VD-22-110_Sierra.0day,https://www.fortiguard.com/encyclopedia/ips/52587
Suspicious.JavaScript.Obfuscation.Packer,https://www.fortiguard.com/encyclopedia/ips/52597
IP.Protocol.Scan,https://www.fortiguard.com/encyclopedia/ips/52549
dotCMS.Portal.Multiple.XSS,https://www.fortiguard.com/encyclopedia/ips/51948
Arctic.Wolf.Scanner,https://www.fortiguard.com/encyclopedia/ips/51706
DNS.PTR.Records.Scan,https://www.fortiguard.com/encyclopedia/ips/51391
Adobe.Illustrator.CVE-2022-23198.Null.Pointer.Dereference,https://www.fortiguard.com/encyclopedia/ips/51017
Adobe.Illustrator.CVE-2022-23199.NULL.Pointer.Dereference,https://www.fortiguard.com/encyclopedia/ips/51016
Censys.io.Scanner,https://www.fortiguard.com/encyclopedia/ips/50899
Cisco.Webex.Out-of-Bounds.Read,https://www.fortiguard.com/encyclopedia/ips/50889
Assetnote.Scanner,https://www.fortiguard.com/encyclopedia/ips/49987
Apple.Safari.WebKit.WebCore.AudioArray.Information.Disclosure,https://www.fortiguard.com/encyclopedia/ips/49436
Ethernet.IP.Device.Scanner,https://www.fortiguard.com/encyclopedia/ips/49399
ISF.S7-1200.S7-1500.S7comm.Plus.Scanner,https://www.fortiguard.com/encyclopedia/ips/49385
ISF.S7-300.S7-400.S7comm.Scanner,https://www.fortiguard.com/encyclopedia/ips/49386
Magento.Login.Brute.Force,https://www.fortiguard.com/encyclopedia/ips/49300
Suspicious.PHP.URI.Location,https://www.fortiguard.com/encyclopedia/ips/48951
Nuclei.Vulnerability.Scanner,https://www.fortiguard.com/encyclopedia/ips/48922
HTTP.Suspicious.Headers.With.Special.Characters,https://www.fortiguard.com/encyclopedia/ips/48934
PostgreSQL.Login.Brute.Force,https://www.fortiguard.com/encyclopedia/ips/48914
MS.SQL.Server.Brute.Force.Login,https://www.fortiguard.com/encyclopedia/ips/48809
ffuf.Web.Fuzzer,https://www.fortiguard.com/encyclopedia/ips/48818
ZGrab.Scanner,https://www.fortiguard.com/encyclopedia/ips/48805
pplsip.SIP.Scanner,https://www.fortiguard.com/encyclopedia/ips/48756
DFind.Vulnerability.Scanner,https://www.fortiguard.com/encyclopedia/ips/48642
Generic.DNS.Tunnel.Detection.Variant.A,https://www.fortiguard.com/encyclopedia/ips/48463
FG-VD-19-040_Plex.Web.Client.0day,https://www.fortiguard.com/encyclopedia/ips/47702
Sweetscape.010.Editor.ReadWLine.Memory.Corruption,https://www.fortiguard.com/encyclopedia/ips/48459
Dnscat2.DNS.Tunnel,https://www.fortiguard.com/encyclopedia/ips/48370
WSDirectory.UDP.Amplification.Detection,https://www.fortiguard.com/encyclopedia/ips/48409
Atlassian.Jira.Server.Dashboard.Config.Information.Disclosure,https://www.fortiguard.com/encyclopedia/ips/48313
Joomla!.Component.Barter.Sites.Authenticated.XSS,https://www.fortiguard.com/encyclopedia/ips/48145
LANDesk.Management.Agent.Local.DoS,https://www.fortiguard.com/encyclopedia/ips/47997
Nessus.Scanner,https://www.fortiguard.com/encyclopedia/ips/47971
ThunderDNS.Tunnel,https://www.fortiguard.com/encyclopedia/ips/47697
Oracle.Java.JNLP.Arbitrary.File.Deletion,https://www.fortiguard.com/encyclopedia/ips/47693
Emby.Media.Server.DevicesOptions.CustomName.XSS,https://www.fortiguard.com/encyclopedia/ips/47571
ReGeorg.HTTP.Tunnel,https://www.fortiguard.com/encyclopedia/ips/47584
ReDuh.HTTP.Tunnel,https://www.fortiguard.com/encyclopedia/ips/47580
Netsparker.Web.Scanner,https://www.fortiguard.com/encyclopedia/ips/47558
WPScan.WordPress.Vulnerability.Scanner,https://www.fortiguard.com/encyclopedia/ips/47446
Jexboss.Toolkit.Request,https://www.fortiguard.com/encyclopedia/ips/47361
Broadcom.UPnP.Stack.SetConnectionType.Function.Format.String,https://www.fortiguard.com/encyclopedia/ips/47315
IBM.WebSphere.MQ.Login.User.ID.Brute.Force.Check,https://www.fortiguard.com/encyclopedia/ips/47181
Erlang.Port.Mapper.Daemon.Cookie.Remote.Code.Execution,https://www.fortiguard.com/encyclopedia/ips/47299
UPnP.SSDP.M.Search.Anomaly,https://www.fortiguard.com/encyclopedia/ips/47173
MS.RPC.UTC.DoS,https://www.fortiguard.com/encyclopedia/ips/47123
Magecart.E-Commerce.JS.Sniffer,https://www.fortiguard.com/encyclopedia/ips/47046
DET.Data.Exfiltration,https://www.fortiguard.com/encyclopedia/ips/46965
MS.Windows.Device.Guard.CVE-2018-8449.Security.Bypass,https://www.fortiguard.com/encyclopedia/ips/46831
GoLismero.Web.Scanner,https://www.fortiguard.com/encyclopedia/ips/46492
w3af.Web.Scanner,https://www.fortiguard.com/encyclopedia/ips/46474
FG-VD-18-107_0day,https://www.fortiguard.com/encyclopedia/ips/46286
NETGEAR.Orbi.GuestPortal.XSS,https://www.fortiguard.com/encyclopedia/ips/46154
Cisco.Smart.Install.Feature.Enable.Scanner,https://www.fortiguard.com/encyclopedia/ips/45938
Samba.Printer.Server.spoolss.DoS,https://www.fortiguard.com/encyclopedia/ips/45762
Qualys.Vulnerability.Scanner,https://www.fortiguard.com/encyclopedia/ips/45660
WhiteHat.Security.Vulnerability.Scanner,https://www.fortiguard.com/encyclopedia/ips/45661
Nmap.Script.Scanner,https://www.fortiguard.com/encyclopedia/ips/45360
Nikto.Web.Scanner,https://www.fortiguard.com/encyclopedia/ips/44780
OpenVAS.Web.Scanner,https://www.fortiguard.com/encyclopedia/ips/44781
MS.Browser.CVE-2017-11791.Memory.Corruption,https://www.fortiguard.com/encyclopedia/ips/44847
Masscan.Scanner,https://www.fortiguard.com/encyclopedia/ips/44778
Common.Gateway.Interface.common.cgi.Access,https://www.fortiguard.com/encyclopedia/ips/44678
MS.Windows.Graphics.Component.Information.Disclosure,https://www.fortiguard.com/encyclopedia/ips/44578
FG-VD-17-164_OpenCart.0day,https://www.fortiguard.com/encyclopedia/ips/44535
Jorgee.Web.Scanner,https://www.fortiguard.com/encyclopedia/ips/44308
Wind.River.VxWorks.WDB.Debug.Service.Version.Number.Scanner,https://www.fortiguard.com/encyclopedia/ips/44135
Fireball.Adware,https://www.fortiguard.com/encyclopedia/ips/44065
Adobe.Acrobat.JPEG.2000.JP2Header.Information.Disclosure,https://www.fortiguard.com/encyclopedia/ips/43895
Adobe.Acrobat.JPEG.2000.Malformed.Stream.Information.Disclosure,https://www.fortiguard.com/encyclopedia/ips/43896
Adobe.Acrobat.JPEG.Component.Sizes.Information.Disclosure,https://www.fortiguard.com/encyclopedia/ips/43900
Adobe.Acrobat.JPEG.File.Handling.Information.Disclosure,https://www.fortiguard.com/encyclopedia/ips/43915
Adobe.Acrobat.JPEG.Inconsistent.Tile.Memory.Corruption,https://www.fortiguard.com/encyclopedia/ips/43902
Adobe.Acrobat.Weblink.Malformed.URI.Information.Disclosure,https://www.fortiguard.com/encyclopedia/ips/43894
Adobe.Acrobat.XSLT.Element.Handling.Information.Disclosure,https://www.fortiguard.com/encyclopedia/ips/43917
MS.Windows.GDI.Out-of-Bounds.Read.Information.Disclosure,https://www.fortiguard.com/encyclopedia/ips/43870
Port.Scanning,https://www.fortiguard.com/encyclopedia/ips/43814
Malicious.Obfuscated.PDF.File.Access,https://www.fortiguard.com/encyclopedia/ips/43823
Foxit.PDF.Reader.JBIG2.Symbol.Dictionary.Information.Disclosure,https://www.fortiguard.com/encyclopedia/ips/43734
MongoDB.Unauthenticated.Remote.Database.Access,https://www.fortiguard.com/encyclopedia/ips/43721
MS.Windows.Media.Player.Information.Disclosure,https://www.fortiguard.com/encyclopedia/ips/43670
MS.Windows.Kernel.Cursor.Object.Local.Information.Disclosure,https://www.fortiguard.com/encyclopedia/ips/43530
HTTP.Headers.End.With.LFCRCRLF,https://www.fortiguard.com/encyclopedia/ips/43399
MS.Browser.Print.Preview.Information.Disclosure,https://www.fortiguard.com/encyclopedia/ips/43388
MS.Edge.WebKitDirecory.Read.Local.File.Information.Disclosure,https://www.fortiguard.com/encyclopedia/ips/43383
MS.Windows.GetDIBits.BITMAPINFOHEADER.Information.Disclosure,https://www.fortiguard.com/encyclopedia/ips/43376
MS.Edge.AnchorElement.Information.Disclosure,https://www.fortiguard.com/encyclopedia/ips/42924
MS.Edge.wininet.DLL.Sub.Component.Information.Disclosure,https://www.fortiguard.com/encyclopedia/ips/42916
IBM.WebSphere.AS.SIP.Processing.DoS,https://www.fortiguard.com/encyclopedia/ips/42857
MS.IE.File.Name.Information.Disclosure,https://www.fortiguard.com/encyclopedia/ips/42814
MS.IE.Reader.Mode.Html.Injection,https://www.fortiguard.com/encyclopedia/ips/42703
JspSpy.Web.Shell,https://www.fortiguard.com/encyclopedia/ips/42718
MS.IE.Hyperlink.Content.Spoofing,https://www.fortiguard.com/encyclopedia/ips/42701
MS.Windows.Kernel.PlgBlt.Privilege.Elevation,https://www.fortiguard.com/encyclopedia/ips/42705
BREACH.HTTPS.Compression.Information.Disclosure,https://www.fortiguard.com/encyclopedia/ips/42657
ImageMagick.Image.ephemeral.Pseudo.Protocol.File.Access,https://www.fortiguard.com/encyclopedia/ips/42556
MS.ASP.NET.ValidateRequest.XSS,https://www.fortiguard.com/encyclopedia/ips/42528
MS.Win32KFull.Sys.Information.Disclosure,https://www.fortiguard.com/encyclopedia/ips/42378
Audacity.FORMATCHUNK.Memory.Corruption,https://www.fortiguard.com/encyclopedia/ips/42011
D-Link.DSL-2730B.Multiple.XSS,https://www.fortiguard.com/encyclopedia/ips/41656
TYPO3.CMS.SanitizeLocalUrl.XSS,https://www.fortiguard.com/encyclopedia/ips/41454
ManageEngine.ServiceDesk.File.Upload.Path.Traversal,https://www.fortiguard.com/encyclopedia/ips/41395
Adobe.Acrobat.exclGroup.element.Handling.DoS,https://www.fortiguard.com/encyclopedia/ips/41259
SIPVicious.SIP.Scanner,https://www.fortiguard.com/encyclopedia/ips/40674
Muieblackcat.Scanner,https://www.fortiguard.com/encyclopedia/ips/40582
TLS.DH.Downgrade.Cipher.Temp.Key.Security.Bypass,https://www.fortiguard.com/encyclopedia/ips/40651
SIP.Unknown.Content.Type,https://www.fortiguard.com/encyclopedia/ips/40467
OpenSSL.DHE.Client.Key.Exchange.DoS,https://www.fortiguard.com/encyclopedia/ips/40429
SIP.Proxy-Require.and.Require,https://www.fortiguard.com/encyclopedia/ips/40428
WebRTC.Local.IP.Addresses.Disclosure,https://www.fortiguard.com/encyclopedia/ips/40038
DirBuster.Web.Server.Scanner,https://www.fortiguard.com/encyclopedia/ips/39770
Havij.Advanced.SQL.Injection.Scanner,https://www.fortiguard.com/encyclopedia/ips/39768
Acunetix.Web.Vulnerability.Scanner,https://www.fortiguard.com/encyclopedia/ips/39769
Adobe.Acrobat.Bitmap.Data.Memory.Corruption,https://www.fortiguard.com/encyclopedia/ips/39787
Adobe.Acrobat.Embedded.Font.Parsing.Memory.Corruption,https://www.fortiguard.com/encyclopedia/ips/39777
Adobe.Acrobat.Image.Decoding.Memory.Corruption,https://www.fortiguard.com/encyclopedia/ips/39780
Adobe.Acrobat.Image.Thumbnails.Memory.Corruption,https://www.fortiguard.com/encyclopedia/ips/39782
Adobe.Acrobat.Triangle.Object.Memory.Corruption,https://www.fortiguard.com/encyclopedia/ips/39794
Samba.nmbd.sys.recvfrom.Infinite.Loop.DoS,https://www.fortiguard.com/encyclopedia/ips/38939
Symantec.Web.Gateway.Multiple.PHP.Pages.XSS,https://www.fortiguard.com/encyclopedia/ips/38909
MS.Windows.TCP.Timestamp.Remote.Code.Execution,https://www.fortiguard.com/encyclopedia/ips/17713
DNS.Fast.Flux,https://www.fortiguard.com/encyclopedia/ips/38072
D-Link.IP.Camera.Luminance.Information.Disclosure,https://www.fortiguard.com/encyclopedia/ips/37748
Adobe.Acrobat.Loop.Reference.DoS,https://www.fortiguard.com/encyclopedia/ips/37503
MS.NET.Framework.JSON.Parsing.DoS,https://www.fortiguard.com/encyclopedia/ips/37049
MS.Windows.NAT.Helper.DNS.Query.LAN.DoS,https://www.fortiguard.com/encyclopedia/ips/36253
Juniper.Networks.Junos.OS.Malformed.TCP.Option.DoS,https://www.fortiguard.com/encyclopedia/ips/19512
Morfeus.Vulnerability.Scanner,https://www.fortiguard.com/encyclopedia/ips/35015
MS.OneNote.Buffer.Size.Validation.Information.Disclosure,https://www.fortiguard.com/encyclopedia/ips/34909
Apache.Server-Status.Info.Leak,https://www.fortiguard.com/encyclopedia/ips/33784
Metasploit.JavaScript.Encryption.Packer,https://www.fortiguard.com/encyclopedia/ips/32360
eZ.Publish.ezjscore.Module.XSS,https://www.fortiguard.com/encyclopedia/ips/33057
WordPress.Wp.ImageZoom.file.Parameter.File.Disclosure,https://www.fortiguard.com/encyclopedia/ips/32988
DNS.Amplification.Detection,https://www.fortiguard.com/encyclopedia/ips/32784
Home.FTP.Server.MKD.Command.Path.Traversal,https://www.fortiguard.com/encyclopedia/ips/32924
IBM.WebSphere.MQ.File.Transfer.Edition.Web.Gateway.CSRF,https://www.fortiguard.com/encyclopedia/ips/32877
Plixer.Scrutinizer.Default.MySQL.Credential.Login,https://www.fortiguard.com/encyclopedia/ips/32832
Oracle.Outside.In.Technology.Outside.In.Filter.Buffer.Overflow,https://www.fortiguard.com/encyclopedia/ips/32726
Apache.Encoded.Backslash.Path.Traversal,https://www.fortiguard.com/encyclopedia/ips/32366
Apple.iOS.CVE-2012-0674.URL.Bar.Spoofing,https://www.fortiguard.com/encyclopedia/ips/32566
Fakeftpclient.Attack,https://www.fortiguard.com/encyclopedia/ips/32481
Netmechanica.NetDecision.Dashboard.Information.Disclosure,https://www.fortiguard.com/encyclopedia/ips/32087
Netmechanica.NetDecision.Traffic.Grapher.Information.Disclosure,https://www.fortiguard.com/encyclopedia/ips/32090
MS.IE.Null.Byte.Handling.Information.Disclosure,https://www.fortiguard.com/encyclopedia/ips/32230
GNU.Mailman.Attachment.Scrubber.Filename.UTF-8.DoS,https://www.fortiguard.com/encyclopedia/ips/31695
Netopia.ADSL.Information.Gathering,https://www.fortiguard.com/encyclopedia/ips/31609
RealNetworks.Helix.Server.SNMP.TCP.Connection.DoS,https://www.fortiguard.com/encyclopedia/ips/31643
Canvas.Ftpd.Scan,https://www.fortiguard.com/encyclopedia/ips/31506
Apache.MyFaces.Javax.Faces.Resource.File.Disclosure,https://www.fortiguard.com/encyclopedia/ips/31312
Adobe.ColdFusion.7.Path.Information.Disclosure,https://www.fortiguard.com/encyclopedia/ips/31166
Apache.httpd.mod_log_config.Cookie.Handling.DoS,https://www.fortiguard.com/encyclopedia/ips/31049
Nero.MediaHome.NMMediaServer.EXE.Remote.DoS,https://www.fortiguard.com/encyclopedia/ips/31025
eScan.Corporate.Edition.FTP.Server.Arbitrary.File.Download,https://www.fortiguard.com/encyclopedia/ips/31028
Atvise.WebMI2ADS.Web.Server.Multiple.Vulnerabilities,https://www.fortiguard.com/encyclopedia/ips/30803
CyberLink.PowerDVD.CLMServer.HTTP.Request.Parsing.DoS,https://www.fortiguard.com/encyclopedia/ips/30890
Novell.Sentinel.Log.Manager.filename.Path.Traversal,https://www.fortiguard.com/encyclopedia/ips/30892
Soda.PDF.Professional.PDF.WWF.File.Parsing.Remote.DoS,https://www.fortiguard.com/encyclopedia/ips/30814
DNS.BailiWicked.Domain.Attack,https://www.fortiguard.com/encyclopedia/ips/29521
FTP.Bounce.Port.Scan,https://www.fortiguard.com/encyclopedia/ips/29510
MS.IE.WMF.CreateBrushIndirect.DoS,https://www.fortiguard.com/encyclopedia/ips/30474
SIP.Register.With.Contact.Header.Param,https://www.fortiguard.com/encyclopedia/ips/30018
MS.IE.J2SE.Applet.Exception.Remote.DoS,https://www.fortiguard.com/encyclopedia/ips/30460
MS.IIS.IDQ.Path.Disclosure,https://www.fortiguard.com/encyclopedia/ips/30356
MS.IIS.URL.Redirect.Request.DoS,https://www.fortiguard.com/encyclopedia/ips/30358
SIP.Extraneous.Header.Field.Separators,https://www.fortiguard.com/encyclopedia/ips/29988
SIP.Max.Forwards.Zero,https://www.fortiguard.com/encyclopedia/ips/30016
SIP.Missing.Header.Field,https://www.fortiguard.com/encyclopedia/ips/30117
SIP.Multiple.Spaces.Separating.Request.Line.Elements,https://www.fortiguard.com/encyclopedia/ips/30011
SIP.Unknown.Or.Atypical.Request.URI.Scheme,https://www.fortiguard.com/encyclopedia/ips/30029
ZmEu.Vulnerability.Scanner,https://www.fortiguard.com/encyclopedia/ips/30024
SIP.Failure.Enclose.Name.Address.URI,https://www.fortiguard.com/encyclopedia/ips/29951
SIP.No.Tokens.In.From.Display,https://www.fortiguard.com/encyclopedia/ips/29980
SIP.No.Tokens.In.Contact.Display,https://www.fortiguard.com/encyclopedia/ips/29979
SIP.No.Tokens.In.To.Display,https://www.fortiguard.com/encyclopedia/ips/29981
SIP.Overlarge.Scalar.Values,https://www.fortiguard.com/encyclopedia/ips/29999
SIP.Unknown.Protocol.Version,https://www.fortiguard.com/encyclopedia/ips/29982
TFTP.Request.NC.EXE.File,https://www.fortiguard.com/encyclopedia/ips/30187
CHETCPASSWD.Shadow.File.Disclosure,https://www.fortiguard.com/encyclopedia/ips/30116
Modernbill.Config.Remote.File.Inclusion,https://www.fortiguard.com/encyclopedia/ips/29885
SIP.Register.Unknown.Url.Parameter,https://www.fortiguard.com/encyclopedia/ips/30019
SIP.Register.With.Url.Escaped.Header,https://www.fortiguard.com/encyclopedia/ips/30020
Oracle.Database.TNS.Listener.SID.Brute.Force,https://www.fortiguard.com/encyclopedia/ips/29308
SIP.Invalid.Content.Length,https://www.fortiguard.com/encyclopedia/ips/29996
BlueZone.Desktop.File.Processing.Multiple.DoS,https://www.fortiguard.com/encyclopedia/ips/29918
Invisionix.Roaming.System.PageHeaderDefault.File.Inclusion,https://www.fortiguard.com/encyclopedia/ips/29908
Sunway.ForceControl.NetServer.Information.Disclosure,https://www.fortiguard.com/encyclopedia/ips/29959
ME.Download.System.Header.Remote.File.Inclusion,https://www.fortiguard.com/encyclopedia/ips/29883
MF.Piadas.Admin.Remote.File.Inclusion,https://www.fortiguard.com/encyclopedia/ips/29884
MyNewsGroups.Layersmenu.INC.Remote.File.Inclusion,https://www.fortiguard.com/encyclopedia/ips/29886
SIP.Angle.Bracket.Request.URI,https://www.fortiguard.com/encyclopedia/ips/30006
SIP.CSeq.Method.Mismatch,https://www.fortiguard.com/encyclopedia/ips/29984
SIP.Escaped.Headers,https://www.fortiguard.com/encyclopedia/ips/29946
SIP.Invalid.Timezone,https://www.fortiguard.com/encyclopedia/ips/29948
SIP.Missing.Transaction.Identifier,https://www.fortiguard.com/encyclopedia/ips/30013
SIP.Multiple.Content.Length,https://www.fortiguard.com/encyclopedia/ips/30035
SIP.Multiple.Single.Value.Required.Header.Field,https://www.fortiguard.com/encyclopedia/ips/30034
SIP.Overlarge.Response.Code,https://www.fortiguard.com/encyclopedia/ips/29986
SIP.Response.Overlarge.Scalar.Values,https://www.fortiguard.com/encyclopedia/ips/30002
SIP.SP.Characters.At.End.Of.Request.Line,https://www.fortiguard.com/encyclopedia/ips/29944
SIP.Spaces.In.Contact.URI,https://www.fortiguard.com/encyclopedia/ips/29970
SIP.URI.Embedded.LWS.Malformed.Request,https://www.fortiguard.com/encyclopedia/ips/30010
SIP.Unacceptable.Accept.Offering,https://www.fortiguard.com/encyclopedia/ips/30021
SIP.Unknown.Header.URI.Scheme,https://www.fortiguard.com/encyclopedia/ips/30030
SIP.Unterminated.Quoted.Display.String,https://www.fortiguard.com/encyclopedia/ips/30005
AyeView.GIF.Image.Handling.DoS,https://www.fortiguard.com/encyclopedia/ips/27587
Multiple.Products.Unspecified.Library.MP4.File.Remote.DoS,https://www.fortiguard.com/encyclopedia/ips/27460
Ruby.REXML.Remote.DoS,https://www.fortiguard.com/encyclopedia/ips/27390
Total.Video.Player.TVP.Tag.Handling.Remote.Buffer.Overflow,https://www.fortiguard.com/encyclopedia/ips/27468
Vba32.Personal.Antivirus.DoS,https://www.fortiguard.com/encyclopedia/ips/27598
ZoneAlarm.HTTP.Proxy.Remote.DoS,https://www.fortiguard.com/encyclopedia/ips/27396
Oracle.Application.Server.Web.Cache.DoS,https://www.fortiguard.com/encyclopedia/ips/29976
MS.Windows.MHTML.URI.Buffer.Overflow,https://www.fortiguard.com/encyclopedia/ips/29529
Mambo.Gallery.Manager.Remote.File.Inclusion,https://www.fortiguard.com/encyclopedia/ips/29612
SAP.BusinessObjects.Axis2.Default.Admin.Password,https://www.fortiguard.com/encyclopedia/ips/29509
CVS.Sensitive.File.Access,https://www.fortiguard.com/encyclopedia/ips/29264
SVN.Sensitive.File.Access,https://www.fortiguard.com/encyclopedia/ips/29263
Dnsmasq.tftp_request.CVE-2009-2958.DoS,https://www.fortiguard.com/encyclopedia/ips/29349
F.Secure.Gadget.Resource.ActiveX.Handler.Buffer.Overflow,https://www.fortiguard.com/encyclopedia/ips/29286
MapServer.Map.File.Parsing.Double.Free.DoS,https://www.fortiguard.com/encyclopedia/ips/29295
SmallFTPD.FTP.Server.Connection.Saturation.DoS,https://www.fortiguard.com/encyclopedia/ips/29343
StudioLine.Photo.Basic.NMSDVDXU.DLL.ActiveX.File.Overwrite,https://www.fortiguard.com/encyclopedia/ips/29289
WordPress.WP.E.Commerce.Plugin.cart.message.XSS,https://www.fortiguard.com/encyclopedia/ips/29291
Acritum.Femitter.Server.HTTP.Request.Remote.File.Disclosure,https://www.fortiguard.com/encyclopedia/ips/29178
TFTP.Server.TFTPDWIN.Long.Message.DoS,https://www.fortiguard.com/encyclopedia/ips/28956
MicroWorld.Technologies.MailScan.Information.Disclosure,https://www.fortiguard.com/encyclopedia/ips/27364
Apple.QuickTime.crgn.Atom.Stack.Exhaustion.DoS,https://www.fortiguard.com/encyclopedia/ips/29089
Apple.Safari.Feed.URI.Input.Validation.XSS,https://www.fortiguard.com/encyclopedia/ips/29083
BadBlue.Invalid.Browse.Parameter.Information.Disclosure,https://www.fortiguard.com/encyclopedia/ips/29096
Epic.Games.Unreal.Engine.Logging.Function.DoS,https://www.fortiguard.com/encyclopedia/ips/28970
Mozilla.Firefox.Large.GIF.File.Background.DoS,https://www.fortiguard.com/encyclopedia/ips/29046
Opera.Browser.Address.Bar.URI.Spoofing,https://www.fortiguard.com/encyclopedia/ips/28990
SIP.Invite.Spoofing,https://www.fortiguard.com/encyclopedia/ips/28925
SIP.Thomson.SpeedTouch.2030.Remote.DoS,https://www.fortiguard.com/encyclopedia/ips/28927
SIP.WengoPhone.Soft.Phone.Malformed.Packet.DoS,https://www.fortiguard.com/encyclopedia/ips/28945
Mozilla.Firefox.About.Blank.Spoof,https://www.fortiguard.com/encyclopedia/ips/28905
NetProxy.Security.Restriction.Bypass,https://www.fortiguard.com/encyclopedia/ips/28941
TYPSoft.FTP.Server.APPE.and.DELE.Commands.DoS,https://www.fortiguard.com/encyclopedia/ips/28916
Chilkat.Crypt.ActiveX.SaveDecrypted.Insecure.Method.Access,https://www.fortiguard.com/encyclopedia/ips/28830
Sybase.Adaptive.Server.Format.String,https://www.fortiguard.com/encyclopedia/ips/28834
Sybase.Advantage.Server.ADS.Process.Off.By.One.Buffer.Overflow,https://www.fortiguard.com/encyclopedia/ips/28832
HTTP.Request.Format.String,https://www.fortiguard.com/encyclopedia/ips/28750
FTP.Command.Path.Traversal,https://www.fortiguard.com/encyclopedia/ips/28157
HyperStop.WebHost.Directory.Database.Disclosure,https://www.fortiguard.com/encyclopedia/ips/27589
FTP.MKD.Command.Path.Traversal,https://www.fortiguard.com/encyclopedia/ips/27019
Foxit.Reader.Malformed.PDF.File.DoS,https://www.fortiguard.com/encyclopedia/ips/28555
MS.Outlook.Web.Access.Redir.ASP.URI.Redirection,https://www.fortiguard.com/encyclopedia/ips/27594
UltraPlayer.Malformed.usk.Playlist.File.Buffer.Overflow,https://www.fortiguard.com/encyclopedia/ips/27303
NaviCOPA.Source.Code.Information.Disclosure,https://www.fortiguard.com/encyclopedia/ips/27560
Cherokee.Web.Server.Malformed.Packet.DoS,https://www.fortiguard.com/encyclopedia/ips/27127
AOL.Picture.Editor.YGPPicEdit.ActiveX.Control.Buffer.Overflow,https://www.fortiguard.com/encyclopedia/ips/27599
Firefly.Media.Server.Multiple.Null.Pointer.Dereference,https://www.fortiguard.com/encyclopedia/ips/27612
Nokia.Web.Browser.S60.Infinite.Array.Sort.DoS,https://www.fortiguard.com/encyclopedia/ips/27591
NoticeWare.Email.Server.NG.PASS.Command.Remote.DoS,https://www.fortiguard.com/encyclopedia/ips/27595
Skype.Toolbar.Extension.Clipboard.Security.Weakness,https://www.fortiguard.com/encyclopedia/ips/27592
Comtrend.Devices.Information.Disclosure,https://www.fortiguard.com/encyclopedia/ips/27428
MS.DebugDiag.CrashHangExt.DLL.ActiveX.Control.Remote.DoS,https://www.fortiguard.com/encyclopedia/ips/27448
MediaMonkey.URI.Handling.pcast.DoS,https://www.fortiguard.com/encyclopedia/ips/27358
Psi.Malformed.Packet.Remote.DoS,https://www.fortiguard.com/encyclopedia/ips/27462
Python.Pylocale.Strxfrm.Remote.Information.Leak,https://www.fortiguard.com/encyclopedia/ips/27381
Siemens.Multiple.Gigaset.VoIP.Phones.SIP.Remote.DoS,https://www.fortiguard.com/encyclopedia/ips/27467
SonicWall.Content.Filtering.Universal.Script.Injection,https://www.fortiguard.com/encyclopedia/ips/27437
A-Link.WL54AP3.And.WL54AP2.goform.CSRF,https://www.fortiguard.com/encyclopedia/ips/27400
AWStats.awstats.PL.URL.Handling.XSS,https://www.fortiguard.com/encyclopedia/ips/27331
Apache.Tomcat.Non.HTTP.Request.DoS,https://www.fortiguard.com/encyclopedia/ips/27316
Facebook.Newsroom.Application.Remote.File.Inclusion,https://www.fortiguard.com/encyclopedia/ips/27338
Google.Chrome.Escape.CC.Remote.DoS,https://www.fortiguard.com/encyclopedia/ips/27354
Google.Chrome.Malformed.View.Source.Header.DoS,https://www.fortiguard.com/encyclopedia/ips/27353
Google.Chrome.Pop.Up.Address.Bar.URI.Spoofing,https://www.fortiguard.com/encyclopedia/ips/27421
HydraIRC.Irc.URI.Remote.DoS,https://www.fortiguard.com/encyclopedia/ips/27355
SolarWinds.TFTP.Server.Option.Acknowledgement.Request.DoS,https://www.fortiguard.com/encyclopedia/ips/27413
Telnet-Ftp.Server.Remote.DoS,https://www.fortiguard.com/encyclopedia/ips/27301
WebMod.Scripts.Source.Code.Disclosure,https://www.fortiguard.com/encyclopedia/ips/27226
Black.Ice.Barcode.SDK.Multiple.Vulnerabilities,https://www.fortiguard.com/encyclopedia/ips/27233
MS.IE.XDR.Prototype.Hijacking.DoS,https://www.fortiguard.com/encyclopedia/ips/27204
MS.Zune.Arbitrary.File.Overwrite,https://www.fortiguard.com/encyclopedia/ips/27192
Watchfire.Appscan.Insecure.Method,https://www.fortiguard.com/encyclopedia/ips/27202
Cisco.Application.Control.Engine.HTTP.Parsing.Security.Weakness,https://www.fortiguard.com/encyclopedia/ips/27092
Httpdx.PNG.File.DoS,https://www.fortiguard.com/encyclopedia/ips/26838
eyeOS.Information.Disclosure,https://www.fortiguard.com/encyclopedia/ips/27020
Air.Contacts.Lite.HTTP.Packet.DoS,https://www.fortiguard.com/encyclopedia/ips/26979
Media.Player.Classic.AVI.File.DoS,https://www.fortiguard.com/encyclopedia/ips/27031
Alt-N.WebAdmin.Information.Disclosure,https://www.fortiguard.com/encyclopedia/ips/26015
Apple.QuickTime.Pictureviewer.JP2.DoS,https://www.fortiguard.com/encyclopedia/ips/26074
Digium.Asterisk.Recording.Interface.XSS,https://www.fortiguard.com/encyclopedia/ips/26682
HTTP.Referer.Header.XSS,https://www.fortiguard.com/encyclopedia/ips/27227
IBM.BladeCenter.AMM.webindex.Parameter.Information.Disclosure,https://www.fortiguard.com/encyclopedia/ips/26878
Oracle.Java.Web.Server.Jsp.Source.Disclosure,https://www.fortiguard.com/encyclopedia/ips/26580
EffectMatrix.Total.Video.Player.Wav.File.DoS,https://www.fortiguard.com/encyclopedia/ips/26802
NaviCOPA.Web.Server.Source.Information.Disclosure,https://www.fortiguard.com/encyclopedia/ips/27171
Apple.Safari.Background.Attribute.DoS,https://www.fortiguard.com/encyclopedia/ips/26840
Orb.Networks.MP3.File.DoS,https://www.fortiguard.com/encyclopedia/ips/26837
Agile.Joomla.Components.Parameter.Local.File.Inclusion,https://www.fortiguard.com/encyclopedia/ips/26762
Check.Point.Multiple.Products.Information.Disclosure,https://www.fortiguard.com/encyclopedia/ips/26947
IBM.BladeCenter.AMM.blade_power_action.CSRF,https://www.fortiguard.com/encyclopedia/ips/26858
Mozilla.Firefox.view-source.Scheme.Information.Disclosure,https://www.fortiguard.com/encyclopedia/ips/26883
QuickShare.Path.Traversal,https://www.fortiguard.com/encyclopedia/ips/26270
Techland.Chrome.Engine.4.DoS,https://www.fortiguard.com/encyclopedia/ips/26608
Mozilla.Firefox.Address.Bar.Spoofing,https://www.fortiguard.com/encyclopedia/ips/26783
Oracle.Java.Applet2ClassLoader.Code.Execution,https://www.fortiguard.com/encyclopedia/ips/26276
MS.IE.Popup.Window.Address.Bar.Spoofing,https://www.fortiguard.com/encyclopedia/ips/26062
Wireshark.CLDAP.Dissector.DoS,https://www.fortiguard.com/encyclopedia/ips/26047
Apache.Tomcat.Servlet.Path.Disclosure,https://www.fortiguard.com/encyclopedia/ips/26475
MS.Exchange.OWA.Cross.Site.Forgery,https://www.fortiguard.com/encyclopedia/ips/26375
Comodo.Fraudulent.Certificate,https://www.fortiguard.com/encyclopedia/ips/26317
JS.LOIC.DoS,https://www.fortiguard.com/encyclopedia/ips/26031
SMTP.Login.Brute.Force,https://www.fortiguard.com/encyclopedia/ips/24827
Apache.Tomcat.Web.Application.Manager.Default.Account,https://www.fortiguard.com/encyclopedia/ips/17220
Oracle.Java.docBase.Parameter.Buffer.Overflow,https://www.fortiguard.com/encyclopedia/ips/24654
MS.IE.Event.Handler.Cross.Domain.Information.Disclosure,https://www.fortiguard.com/encyclopedia/ips/24042
TCP.With.FIN.Flag.Only,https://www.fortiguard.com/encyclopedia/ips/23753
Titan.FTP.XCRC.Path.Traversal.Information.Disclosure,https://www.fortiguard.com/encyclopedia/ips/23447
GNU.Mailman.Scrubber.UTF-8.Filename.DoS,https://www.fortiguard.com/encyclopedia/ips/23135
SolarWinds.TFTP.Server.Malicious.Read.Request.DoS,https://www.fortiguard.com/encyclopedia/ips/23259
MS.IE.Sysmon.DoS,https://www.fortiguard.com/encyclopedia/ips/23258
Asterisk.Skinny.Channel.Driver.Remote.DoS,https://www.fortiguard.com/encyclopedia/ips/23080
Nokia.N95.Jpeg.File.Crash,https://www.fortiguard.com/encyclopedia/ips/23092
Oracle.Login.Brute.Force,https://www.fortiguard.com/encyclopedia/ips/21050
HTTP.Authentication.Brute.Force,https://www.fortiguard.com/encyclopedia/ips/20949
MS.IIS.UNC.Mapped.Virtual.Host.Information.Disclosure,https://www.fortiguard.com/encyclopedia/ips/17908
Mozilla.Firefox.designMode.Null.Pointer.Dereference.DoS,https://www.fortiguard.com/encyclopedia/ips/20061
Apache.mod_perl.Status.XSS,https://www.fortiguard.com/encyclopedia/ips/17366
FTP.Command.STOR.Rhosts,https://www.fortiguard.com/encyclopedia/ips/18158
MS.SMB.Server.Privilege.Elevation,https://www.fortiguard.com/encyclopedia/ips/18204
HTTP.Request.Referer.Overly.Long,https://www.fortiguard.com/encyclopedia/ips/17556
Adobe.Acrobat.Trust.Manager.Restrictions.Bypass,https://www.fortiguard.com/encyclopedia/ips/17826
Cisco.Webex.Player.atas32.DLL.DoS,https://www.fortiguard.com/encyclopedia/ips/17757
Cisco.Webex.Player.atrpui.DoS,https://www.fortiguard.com/encyclopedia/ips/17751
MS.IE.Keystroke.Events.Handling.Arbitrary.File.Upload,https://www.fortiguard.com/encyclopedia/ips/13917
Apache.Tomcat.Jsecurity.Check.Information.Disclosure,https://www.fortiguard.com/encyclopedia/ips/17481
MS.Windows.TCP.Window.Size.Zero.DoS,https://www.fortiguard.com/encyclopedia/ips/17714
Snort.TCP.SACK.Option.DoS,https://www.fortiguard.com/encyclopedia/ips/17562
HTML.Hidden.Iframe,https://www.fortiguard.com/encyclopedia/ips/17537
TYPO3.BodyTag.URI.XSS,https://www.fortiguard.com/encyclopedia/ips/17296
Apache.Tomcat.Administration.Tool.Default.Account,https://www.fortiguard.com/encyclopedia/ips/17221
Titan.FTP.Server.Site.Who.DoS,https://www.fortiguard.com/encyclopedia/ips/17213
GuildFTPd.Heap.Memory.Corruption,https://www.fortiguard.com/encyclopedia/ips/17112
VictoryFTP.LIST.DoS,https://www.fortiguard.com/encyclopedia/ips/17111
Avahi.UDP.Source.Port.Zero.DoS,https://www.fortiguard.com/encyclopedia/ips/16894
Dxmsoft.XM.Easy.Personal.FTP.Server.NSLT.DoS,https://www.fortiguard.com/encyclopedia/ips/15979
Cisco.IOS.Get.Request.DoS,https://www.fortiguard.com/encyclopedia/ips/15978
MS.IE.Topmost.Document.Return.Information.Disclosure,https://www.fortiguard.com/encyclopedia/ips/15938
Sina.DLoader.DownloadAndInstall.Method.ActiveX.Access,https://www.fortiguard.com/encyclopedia/ips/15855
UUSee.UUUpgrade.Update.Method.ActiveX.Control.Access,https://www.fortiguard.com/encyclopedia/ips/15854
MS.Windows.Media.Encoder.WMEX.DLL.Buffer.Overflow,https://www.fortiguard.com/encyclopedia/ips/15822
IBM.Lotus.Domino.Web.Access.Message.Handling.DoS,https://www.fortiguard.com/encyclopedia/ips/14806
HTTP.Multiple.Connection.Headers.DoS,https://www.fortiguard.com/encyclopedia/ips/15687
ASUS.Remote.Console.Dpcproxy.Buffer.Overflow,https://www.fortiguard.com/encyclopedia/ips/15651
Apple.QuickTime.chan.Atom.Parsing.Heap.Memory.Corruption,https://www.fortiguard.com/encyclopedia/ips/15520
RealNetworks.RealPlayer.rmoc3260.ActiveX.Code.Execution,https://www.fortiguard.com/encyclopedia/ips/15509
MS.IE.Mhtmlfile.Object.DoS,https://www.fortiguard.com/encyclopedia/ips/15453
MS.IIS.Web.Server.Folder.Traversal.Evasion,https://www.fortiguard.com/encyclopedia/ips/15152
NetCat.Exec.Mode.Client.Request.Buffer.Overflow,https://www.fortiguard.com/encyclopedia/ips/15019
MS.ISA.Server.Socks4.Proxy.Connection.Information.Disclosure,https://www.fortiguard.com/encyclopedia/ips/14998
Flip.Previewtheme.PHP.File.Inclusion,https://www.fortiguard.com/encyclopedia/ips/14946
FrontAccounting.Config.PHP.File.Inclusion,https://www.fortiguard.com/encyclopedia/ips/14947
NcasterCMS.Archive.PHP.File.Inclusion,https://www.fortiguard.com/encyclopedia/ips/14950
PHP.Blue.Dragon.CMS.Activecontent.Remote.File.Inclusion,https://www.fortiguard.com/encyclopedia/ips/14953
PHPNews.Change_Action.PHP.File.Inclusion,https://www.fortiguard.com/encyclopedia/ips/14955
Novell.NetWare.Client.Print.Stack.Buffer.Overflow,https://www.fortiguard.com/encyclopedia/ips/14941
MS.IE.Position.Relative.DoS,https://www.fortiguard.com/encyclopedia/ips/14880
Dagger.Cal.Func.PHP.File.Inclusion,https://www.fortiguard.com/encyclopedia/ips/14854
PhpConcept.Library.Parameter.g_pcltar_lib_dir.File.Inclusion,https://www.fortiguard.com/encyclopedia/ips/14856
MS.IE.COM.Object.Color.Property.DoS,https://www.fortiguard.com/encyclopedia/ips/14836
Nessus.Vulnerability.Scanner.ActiveX.Control.File.Deletion,https://www.fortiguard.com/encyclopedia/ips/14829
VMware.IntraProcessLogging.DLL.File.Overwrite,https://www.fortiguard.com/encyclopedia/ips/14831
Data.Dynamics.ActiveReports.ActiveX.Control.SaveLayout.Access,https://www.fortiguard.com/encyclopedia/ips/14817
Trojan.Storm.Worm.HTTP.DoS,https://www.fortiguard.com/encyclopedia/ips/14809
CA.AV.Engine.CAB.Header.Parsing.Buffer.Overflow,https://www.fortiguard.com/encyclopedia/ips/14757
WANewsletter.Waroot.Parameter.File.Inclusion,https://www.fortiguard.com/encyclopedia/ips/14744
Xoops.Horoscope.Module.Footer.PHP.File.Inclusion,https://www.fortiguard.com/encyclopedia/ips/14742
Xoops.Multiple.Modules.SpawControl.Class.PHP.File.Inclusion,https://www.fortiguard.com/encyclopedia/ips/14734
phphtml.PHP.File.Inclusion,https://www.fortiguard.com/encyclopedia/ips/14737
MS.IE.Speech.Engine.ActiveX.Buffer.Overflow,https://www.fortiguard.com/encyclopedia/ips/14628
MS.IE.DHTML.Method.Heap.Memory.Corruption,https://www.fortiguard.com/encyclopedia/ips/14601
TCExam.SessionUserLang.Remote.PHP.Code.Execution,https://www.fortiguard.com/encyclopedia/ips/14552
Zomplog.Remote.File.Disclosure,https://www.fortiguard.com/encyclopedia/ips/14549
Drake.CMS.UI.DTA.PHP.XSS,https://www.fortiguard.com/encyclopedia/ips/14496
PHP.download2.php.FN1.Parameter.Path.Traversal,https://www.fortiguard.com/encyclopedia/ips/14486
VBE.Document.Property.Buffer.Overflow,https://www.fortiguard.com/encyclopedia/ips/14449
HTTP.Invalid.Content.Length.DoS,https://www.fortiguard.com/encyclopedia/ips/14421
Grandstream.BudgeTone.SIP.DoS,https://www.fortiguard.com/encyclopedia/ips/14402
Open.Educational.System.Remote.File.Inclusion,https://www.fortiguard.com/encyclopedia/ips/14405
PostGuestbook.Header.PHP.Remote.File.Inclusion,https://www.fortiguard.com/encyclopedia/ips/14406
Formbankserver.Abfrage.Remote.File.Disclosure,https://www.fortiguard.com/encyclopedia/ips/14395
HTTP.Critical.File.Download,https://www.fortiguard.com/encyclopedia/ips/14389
SoftiaCom.WMailserver.Buffer.Overflow,https://www.fortiguard.com/encyclopedia/ips/14377
IrayoBlog.Irayofuncs.PHP.Remote.File.Inclusion,https://www.fortiguard.com/encyclopedia/ips/14374
Adobe.Shockwave.SWDIR.DLL.ActiveX.DoS,https://www.fortiguard.com/encyclopedia/ips/14360
Tcpdump.ISIS.Decoding.Routines.DoS,https://www.fortiguard.com/encyclopedia/ips/14353
Tcpdump.RSVP.Decoding.Routines.DoS,https://www.fortiguard.com/encyclopedia/ips/14355
ACal.Arbitrary.Command.Execution,https://www.fortiguard.com/encyclopedia/ips/14343
Owl.Intranet.Engine.Remote.File.Inclusion,https://www.fortiguard.com/encyclopedia/ips/14336
PAFileDB.Constants.PHP.Remote.File.Inclusion,https://www.fortiguard.com/encyclopedia/ips/14338
PBLang.BBS.Remote.Code.Injection,https://www.fortiguard.com/encyclopedia/ips/14339
PBLang.Lang.NL.PHP.Remote.File.Inclusion,https://www.fortiguard.com/encyclopedia/ips/14345
Pearl.For.Mambo.Module.Remote.File.Inclusion,https://www.fortiguard.com/encyclopedia/ips/14346
Tcpdump.BGP.Decoding.Routines.DoS,https://www.fortiguard.com/encyclopedia/ips/14344
Osprey.GetRecord.PHP.Remote.File.Inclusion,https://www.fortiguard.com/encyclopedia/ips/14332
Ovidentia.Remote.File.Inclusion,https://www.fortiguard.com/encyclopedia/ips/14334
osCommerce.Arbitrary.File.Disclosure,https://www.fortiguard.com/encyclopedia/ips/14330
Orinoco.Residential.Gateway.SNMP.Community.String.Disclosure,https://www.fortiguard.com/encyclopedia/ips/14326
Opera.Nested.Marquee.DoS,https://www.fortiguard.com/encyclopedia/ips/14310
CGI.Sourcecode.Viewing,https://www.fortiguard.com/encyclopedia/ips/14301
KDE.LibkHTML.NodeType.DoS,https://www.fortiguard.com/encyclopedia/ips/14294
MS.Windows.Update.Spoofing,https://www.fortiguard.com/encyclopedia/ips/14291
SSH.Client.Request.Mimicking,https://www.fortiguard.com/encyclopedia/ips/14292
SunKill.Telnet.Daemon.DoS,https://www.fortiguard.com/encyclopedia/ips/14300
Sunfire.Type.of.Service.Attack,https://www.fortiguard.com/encyclopedia/ips/14299
DBGuestBook.DBS.Base.Path.Remote.File.Inclusion,https://www.fortiguard.com/encyclopedia/ips/14279
FCRing.FCRing.PHP.Remote.File.Inclusion,https://www.fortiguard.com/encyclopedia/ips/14284
Firefox.OnUnload.Memory.Corruption,https://www.fortiguard.com/encyclopedia/ips/14280
MS.IE.Mshtml.DLL.Null.Pointer.DoS,https://www.fortiguard.com/encyclopedia/ips/14277
SNMP.XSS.Attempt,https://www.fortiguard.com/encyclopedia/ips/14271
Cisco.SNMPv3.DoS,https://www.fortiguard.com/encyclopedia/ips/14267
MS.IE.J2SE.Applet.Exception.DoS,https://www.fortiguard.com/encyclopedia/ips/14261
OCE.Printer.DoS,https://www.fortiguard.com/encyclopedia/ips/14262
Open.Conference.Systems.Fullpath.Remote.File.Inclusion,https://www.fortiguard.com/encyclopedia/ips/14265
OpenDock.Doc.Directory.Remote.File.Inclusion,https://www.fortiguard.com/encyclopedia/ips/14266
OpenEMR.Srcdir.Remote.File.Inclusion,https://www.fortiguard.com/encyclopedia/ips/14269
MS.IE.Malformed.HTML.File.DoS,https://www.fortiguard.com/encyclopedia/ips/14250
MS.Nslookup.Response.DoS,https://www.fortiguard.com/encyclopedia/ips/14249
HTTP.Malicious.Request.Double.Slash,https://www.fortiguard.com/encyclopedia/ips/14228
IMAP.LIST.Command.Format.String,https://www.fortiguard.com/encyclopedia/ips/14154
MS.IE.Mshtml.DLL.HTML.Parsing.DoS,https://www.fortiguard.com/encyclopedia/ips/14209
MS.IE.Position.CSS.DoS,https://www.fortiguard.com/encyclopedia/ips/14208
MS.Windows.XP.ISAKMP.Port.DoS,https://www.fortiguard.com/encyclopedia/ips/14016
DHCP.Discover.Flood,https://www.fortiguard.com/encyclopedia/ips/14082
AOL.Messenger.Buddy.Icon.DoS,https://www.fortiguard.com/encyclopedia/ips/14014
Command.Line.Executer.Code.Execution,https://www.fortiguard.com/encyclopedia/ips/14047
HTTP.UserAgent.HTML.Injection,https://www.fortiguard.com/encyclopedia/ips/14006
Man2web.Remote.Command.Execution,https://www.fortiguard.com/encyclopedia/ips/13963
Pigeon.Server.DoS,https://www.fortiguard.com/encyclopedia/ips/13947
Web.Scanner.HTML.Injection,https://www.fortiguard.com/encyclopedia/ips/13812
CA.MLink.Command.Line.Buffer.Overflow,https://www.fortiguard.com/encyclopedia/ips/13915
Invision.Board.PHPINFO.PHP.Information.Disclosure,https://www.fortiguard.com/encyclopedia/ips/13900
Loopback.Ping,https://www.fortiguard.com/encyclopedia/ips/13911
Joomla!.com_webring.Remote.File.Inclusion,https://www.fortiguard.com/encyclopedia/ips/13825
Knusperleicht.ShoutBox.Remote.File.Inclusion,https://www.fortiguard.com/encyclopedia/ips/13839
Apache.Directory.Listing,https://www.fortiguard.com/encyclopedia/ips/13801
MS.IE.SpreadSheet.Object.Popup.Blocker.Bypass,https://www.fortiguard.com/encyclopedia/ips/13728
MS.IE.Statusbar.Spoofing,https://www.fortiguard.com/encyclopedia/ips/13729
MS.InternetExplorer.ContentEncoding.BufferOverflow,https://www.fortiguard.com/encyclopedia/ips/13708
Webmin.And.Usermin.Information.Disclosure,https://www.fortiguard.com/encyclopedia/ips/13705
MS.IE.Popup.show.Mouse.Event.Hijacking,https://www.fortiguard.com/encyclopedia/ips/13694
MS.Windows.NAT.Helper.DNS.Query.DoS,https://www.fortiguard.com/encyclopedia/ips/13663
ssh1_traffic,https://www.fortiguard.com/encyclopedia/ips/13549
ssh1_traffic,https://www.fortiguard.com/encyclopedia/ips/115408897
NBSS.Invalid.Fragment,https://www.fortiguard.com/encyclopedia/ips/110034945
NBSS.Invalid.Fragment,https://www.fortiguard.com/encyclopedia/ips/13542
NBSS.Zero.Sized.PDU,https://www.fortiguard.com/encyclopedia/ips/110034946
NBSS.Zero.Sized.PDU,https://www.fortiguard.com/encyclopedia/ips/13543
Mozilla.Thunderbird.IFRAME.JavaScript.Execution,https://www.fortiguard.com/encyclopedia/ips/13460
Sophos.Antivirus.CAB.File.Invalid.Folder.Count.Buffer.Overflow,https://www.fortiguard.com/encyclopedia/ips/13496
LibTIFF.TIFFFetchData.Integer.Overflow,https://www.fortiguard.com/encyclopedia/ips/13346
MS.IE.HTTPS.ProxyAuthentication.Basic,https://www.fortiguard.com/encyclopedia/ips/13366
MS.ASP.NET.AutoPostBack.XSS,https://www.fortiguard.com/encyclopedia/ips/13233
MS.Exchange.Server.OWA.Script.Injection,https://www.fortiguard.com/encyclopedia/ips/13232
GNU.Mailman.Large.Date.DoS,https://www.fortiguard.com/encyclopedia/ips/13200
Linux.Kernel.ICMP.Packet.Handling.DoS,https://www.fortiguard.com/encyclopedia/ips/13204
ASP.Chunked.Transfer.Encoding,https://www.fortiguard.com/encyclopedia/ips/12679
ASP.Data.File.Access,https://www.fortiguard.com/encyclopedia/ips/12442
AWStats.Configdir.Remote.Command.Execution,https://www.fortiguard.com/encyclopedia/ips/12499
Apache.IPv6.Buffer.Overflow,https://www.fortiguard.com/encyclopedia/ips/12644
Apple.FileServer.FPLoginExt.Pathname.Buffer.Overflow,https://www.fortiguard.com/encyclopedia/ips/13023
DNS.Invalid.Parameter,https://www.fortiguard.com/encyclopedia/ips/13118
DNS.Invalid.Parameter,https://www.fortiguard.com/encyclopedia/ips/8912909
DNS.Invalid.Pointer,https://www.fortiguard.com/encyclopedia/ips/8912898
DNS.Invalid.Pointer,https://www.fortiguard.com/encyclopedia/ips/12966
DNS.Name.Overly.Long,https://www.fortiguard.com/encyclopedia/ips/12717
DNS.Name.Overly.Long,https://www.fortiguard.com/encyclopedia/ips/8912901
Escape.Executable,https://www.fortiguard.com/encyclopedia/ips/12265
FTP.Illegal.Port,https://www.fortiguard.com/encyclopedia/ips/12387
FTP.Illegal.Port,https://www.fortiguard.com/encyclopedia/ips/109445132
FTP.LIST.Path.Traversal,https://www.fortiguard.com/encyclopedia/ips/12782
FTP.Protocol.Bounce.Attack,https://www.fortiguard.com/encyclopedia/ips/12654
FTP.Protocol.Bounce.Attack,https://www.fortiguard.com/encyclopedia/ips/109445133
FTP.RETR.2xBSDot,https://www.fortiguard.com/encyclopedia/ips/12903
Fpcount.Access,https://www.fortiguard.com/encyclopedia/ips/13056
HTTP.Null.Session,https://www.fortiguard.com/encyclopedia/ips/107347977
HTTP.Null.Session,https://www.fortiguard.com/encyclopedia/ips/13063
HTTP.Request.Smuggling,https://www.fortiguard.com/encyclopedia/ips/107347979
HTTP.Request.Smuggling,https://www.fortiguard.com/encyclopedia/ips/12620
ICMP.Oversized.Packet,https://www.fortiguard.com/encyclopedia/ips/12880
IISsamples.ISSamples.Access,https://www.fortiguard.com/encyclopedia/ips/13116
IMAP.Mailbox.Name.Overly.Long,https://www.fortiguard.com/encyclopedia/ips/12881
IMAP.Mailbox.Name.Overly.Long,https://www.fortiguard.com/encyclopedia/ips/109379594
IMAP.Tag.Overly.Long,https://www.fortiguard.com/encyclopedia/ips/109379591
IMAP.Tag.Overly.Long,https://www.fortiguard.com/encyclopedia/ips/12569
IMAP.Unknown.Command,https://www.fortiguard.com/encyclopedia/ips/109379587
IMAP.Unknown.Command,https://www.fortiguard.com/encyclopedia/ips/12617
IMAP.Unknown.Reply,https://www.fortiguard.com/encyclopedia/ips/12381
IMAP.Unknown.Reply,https://www.fortiguard.com/encyclopedia/ips/109379588
IMAP.Username.Overly.Long,https://www.fortiguard.com/encyclopedia/ips/109379592
IMAP.Username.Overly.Long,https://www.fortiguard.com/encyclopedia/ips/12416
IP.Land,https://www.fortiguard.com/encyclopedia/ips/12588
LDAP.Invalid.Encoding,https://www.fortiguard.com/encyclopedia/ips/13047
LDAP.Invalid.Encoding,https://www.fortiguard.com/encyclopedia/ips/109838342
LongSlash,https://www.fortiguard.com/encyclopedia/ips/12240
MS.Exchange.GAL.Disclosure,https://www.fortiguard.com/encyclopedia/ips/12426
MS.IE.DragAndDrop.Content.Disposition,https://www.fortiguard.com/encyclopedia/ips/12589
MS.IE.Dynamic.IFRAME.Security.Warning.Bypass,https://www.fortiguard.com/encyclopedia/ips/12992
MS.IIS.Configuration.File.Information.Disclosure,https://www.fortiguard.com/encyclopedia/ips/13079
MS.IIS.Header.Delimiter.Parsing.Buffer.Overflow,https://www.fortiguard.com/encyclopedia/ips/13019
MS.IIS.IISadmpwd.HTR.File.Access.Security.Bypass,https://www.fortiguard.com/encyclopedia/ips/12709
MS.IIS.IndexServer.Disclosure,https://www.fortiguard.com/encyclopedia/ips/12758
MS.ISAPI.W3Who.DLL.Access,https://www.fortiguard.com/encyclopedia/ips/12894
MS.SQL.Server.Authentication.Buffer.Overflow,https://www.fortiguard.com/encyclopedia/ips/109772801
MS.SQL.Server.Authentication.Buffer.Overflow,https://www.fortiguard.com/encyclopedia/ips/12976
MS.SQL.Server.Empty.Password,https://www.fortiguard.com/encyclopedia/ips/109772807
MS.SQL.Server.Empty.Password,https://www.fortiguard.com/encyclopedia/ips/12137
MS.SQL.Server.Login.Brute.Force,https://www.fortiguard.com/encyclopedia/ips/12401
MS.SQL.Server.Login.Brute.Force,https://www.fortiguard.com/encyclopedia/ips/109772808
MS.SQL.Server.XP.Command.Execution,https://www.fortiguard.com/encyclopedia/ips/12209
MS.Windows.Domain.Controller.LDAP.DoS,https://www.fortiguard.com/encyclopedia/ips/12559
MS.Windows.Media.Player.ActiveX.Insecure.Method.Access,https://www.fortiguard.com/encyclopedia/ips/13111
MS.Windows.SSL.Library.SSLBomb.DoS,https://www.fortiguard.com/encyclopedia/ips/12926
MS.Windows.WinHlp.Buffer.Overflow,https://www.fortiguard.com/encyclopedia/ips/13020
Mode.Debug,https://www.fortiguard.com/encyclopedia/ips/13058
Multiple.Vendors.SNMP.V1.Buffer.Overflow,https://www.fortiguard.com/encyclopedia/ips/13109
NT.NULL.Session,https://www.fortiguard.com/encyclopedia/ips/13014
Oracle.Database.XDB.FTP.Pass.Buffer.Overflow,https://www.fortiguard.com/encyclopedia/ips/12130
PHP.Remote.File.Inclusion,https://www.fortiguard.com/encyclopedia/ips/12699
POP3.Argument.Overly.Long,https://www.fortiguard.com/encyclopedia/ips/109248521
POP3.Argument.Overly.Long,https://www.fortiguard.com/encyclopedia/ips/12463
POP3.Command.Overly.Long,https://www.fortiguard.com/encyclopedia/ips/109248520
POP3.Command.Overly.Long,https://www.fortiguard.com/encyclopedia/ips/12981
POP3.Unknown.Command,https://www.fortiguard.com/encyclopedia/ips/12799
POP3.Unknown.Command,https://www.fortiguard.com/encyclopedia/ips/109248516
PPTP.Negative.Read.BufferOveflow,https://www.fortiguard.com/encyclopedia/ips/12531
RPC.Record.Fragment.Overly.Long,https://www.fortiguard.com/encyclopedia/ips/107610115
RPC.Record.Fragment.Overly.Long,https://www.fortiguard.com/encyclopedia/ips/12946
SMTP.Command.Line.Overly.Long,https://www.fortiguard.com/encyclopedia/ips/109314056
SMTP.Command.Line.Overly.Long,https://www.fortiguard.com/encyclopedia/ips/12764
SMTP.Unknown.Command,https://www.fortiguard.com/encyclopedia/ips/12839
SMTP.Unknown.Command,https://www.fortiguard.com/encyclopedia/ips/109314052
SNMP.Restricted.OID,https://www.fortiguard.com/encyclopedia/ips/294191112
SNMP.Restricted.OID,https://www.fortiguard.com/encyclopedia/ips/12684
SNMP.v1.Spec.Violation,https://www.fortiguard.com/encyclopedia/ips/294191108
SNMP.v1.Spec.Violation,https://www.fortiguard.com/encyclopedia/ips/12628
ServerVariables_Jscript.asp.Access,https://www.fortiguard.com/encyclopedia/ips/12772
TCP.Bad.Option.Length,https://www.fortiguard.com/encyclopedia/ips/108658691
TCP.Bad.Option.Length,https://www.fortiguard.com/encyclopedia/ips/12650
TCP.Data.On.SYN,https://www.fortiguard.com/encyclopedia/ips/107937798
TCP.Data.On.SYN,https://www.fortiguard.com/encyclopedia/ips/12276
TCP.PORT0,https://www.fortiguard.com/encyclopedia/ips/12766
TCP.Stealth.Activity,https://www.fortiguard.com/encyclopedia/ips/12729
TCP.Stealth.Activity,https://www.fortiguard.com/encyclopedia/ips/107937794
TCP.TTL.Evasion,https://www.fortiguard.com/encyclopedia/ips/107937801
TCP.TTL.Evasion,https://www.fortiguard.com/encyclopedia/ips/12934
TRACK.Requests,https://www.fortiguard.com/encyclopedia/ips/12932
Talentsoft.WebPlus.InternalIP.Disclosure,https://www.fortiguard.com/encyclopedia/ips/12939
Tcpdump.ISAKMP.Integer.Overflow,https://www.fortiguard.com/encyclopedia/ips/12488
Topic.Calendar.calendar_scheduler.XSS,https://www.fortiguard.com/encyclopedia/ips/12863
Traceroute,https://www.fortiguard.com/encyclopedia/ips/12466
UDP.PORT0,https://www.fortiguard.com/encyclopedia/ips/12525
Walksam.Admin.Scan.139,https://www.fortiguard.com/encyclopedia/ips/12779
Web.cgi-bin.Access,https://www.fortiguard.com/encyclopedia/ips/12475
Winnuke.RPC,https://www.fortiguard.com/encyclopedia/ips/12357
WuFTP.SITE.EXEC.Attempt,https://www.fortiguard.com/encyclopedia/ips/12884
bad_data_length,https://www.fortiguard.com/encyclopedia/ips/294191109
bad_data_length,https://www.fortiguard.com/encyclopedia/ips/12785
indefinite_length,https://www.fortiguard.com/encyclopedia/ips/294191105
indefinite_length,https://www.fortiguard.com/encyclopedia/ips/12344
invalid_length,https://www.fortiguard.com/encyclopedia/ips/294191106
invalid_length,https://www.fortiguard.com/encyclopedia/ips/12730
oversized_item,https://www.fortiguard.com/encyclopedia/ips/12736
oversized_item,https://www.fortiguard.com/encyclopedia/ips/294191107
oversized_msg,https://www.fortiguard.com/encyclopedia/ips/8912900
oversized_msg,https://www.fortiguard.com/encyclopedia/ips/13091
phpCMS.Parser.XSS,https://www.fortiguard.com/encyclopedia/ips/12750
vBulletin.misc.Arbitrary.PHP.Code.Execution,https://www.fortiguard.com/encyclopedia/ips/12283
vrfy_cmd,https://www.fortiguard.com/encyclopedia/ips/109314058
vrfy_cmd,https://www.fortiguard.com/encyclopedia/ips/12866
IKE.Exchange.DoS.Version,https://www.fortiguard.com/encyclopedia/ips/13129
Libextractor.Asfextractor.Heap.Buffer.Overflow,https://www.fortiguard.com/encyclopedia/ips/13155
MailEnable.SMTP.Request.Format.String,https://www.fortiguard.com/encyclopedia/ips/12125
Teardrop.Bonk.DoS,https://www.fortiguard.com/encyclopedia/ips/12124
MS.IE.MHTML.URI.Shortcut.Buffer.Overflow,https://www.fortiguard.com/encyclopedia/ips/12098
BMP.File.Width.Height.Buffer.Overflow,https://www.fortiguard.com/encyclopedia/ips/12089
FTP.RETR.PASSWD,https://www.fortiguard.com/encyclopedia/ips/12088
MS.IE.OVCtl.NewDefaultItem.DoS,https://www.fortiguard.com/encyclopedia/ips/12085
Tomcat.Ajp12.Shutdown.Attempt,https://www.fortiguard.com/encyclopedia/ips/12069
MS.IE.DirectX.Image.Transform.Object.DoS,https://www.fortiguard.com/encyclopedia/ips/12056
MS.IE.DXTFilter.DoS,https://www.fortiguard.com/encyclopedia/ips/12048
MS.Office.Document.Handling.Code.Execution,https://www.fortiguard.com/encyclopedia/ips/12042
Iaxclient.Truncated.IAX.Frames.Buffer.Overflow,https://www.fortiguard.com/encyclopedia/ips/12040
MS.IE.Table.Frameset.DoS,https://www.fortiguard.com/encyclopedia/ips/12033
MS.IE.StructuredGraphics.DoS,https://www.fortiguard.com/encyclopedia/ips/12032
MS.Windows.RPC.REMACT.Service.Access,https://www.fortiguard.com/encyclopedia/ips/12001
ISC.BIND.InverseQuery.Buffer.Overflow,https://www.fortiguard.com/encyclopedia/ips/11931
OpenSSL.ASN.1.Double.Free,https://www.fortiguard.com/encyclopedia/ips/11925
Horde.Eval.Poor.Input.Validation,https://www.fortiguard.com/encyclopedia/ips/11894
ShixxNOTE6.net.Remote.Buffer.Overflow,https://www.fortiguard.com/encyclopedia/ips/11861
MS.Windows.RDS.Dataspace.ActiveX.Access,https://www.fortiguard.com/encyclopedia/ips/11850
IRIX.lpsched.Shell.Metacharacter.Command.Execution,https://www.fortiguard.com/encyclopedia/ips/11787
Apple.Mail.x-unix-mode.Mail.Attachment.Command.Execution,https://www.fortiguard.com/encyclopedia/ips/11750
MS.Windows.Printing.Service.DoS,https://www.fortiguard.com/encyclopedia/ips/11744
MS.Windows.Media.Player.Plugin.Buffer.Overflow,https://www.fortiguard.com/encyclopedia/ips/11736
Golden.FTPD.APPE.Buffer.Overflow,https://www.fortiguard.com/encyclopedia/ips/11732
HTTP.Header.Value.Format.String,https://www.fortiguard.com/encyclopedia/ips/11691
Apple.QuickTime.Multiple.Integer.Overflow,https://www.fortiguard.com/encyclopedia/ips/11624
Google.Appliance.ProxyStyleSheet.Command.Execution,https://www.fortiguard.com/encyclopedia/ips/11592
ICCP.Invalid.OSI.SSEL.Refuse.PDU,https://www.fortiguard.com/encyclopedia/ips/11518
CVS.Malformed.Entry.Modified.Buffer.Overflow,https://www.fortiguard.com/encyclopedia/ips/11496
Admin.PHP.Upload,https://www.fortiguard.com/encyclopedia/ips/11372
MS.IE.Control.Status.Bar.Spoofing,https://www.fortiguard.com/encyclopedia/ips/11368
phpMyAdmin.Error.php.XSS,https://www.fortiguard.com/encyclopedia/ips/11311
Wzdftpd.SITE.Arbitrary.Command.Execution,https://www.fortiguard.com/encyclopedia/ips/11304
Ethereal.Dissector.Buffer.Overflow,https://www.fortiguard.com/encyclopedia/ips/11248
MS.Windows.MSDTC.BuildContextW.Memory.Corruption,https://www.fortiguard.com/encyclopedia/ips/11218
MS.SQL.Server.Resolution.Service.Heap.Buffer.Overflow,https://www.fortiguard.com/encyclopedia/ips/11212
MS.IE.ActiveX.Eyedog.Access,https://www.fortiguard.com/encyclopedia/ips/10970
MS.IE.ActiveX.Image.Control.Access,https://www.fortiguard.com/encyclopedia/ips/10983
MS.IE.Kodak.Image.Scan.ActiveX.Object.Access,https://www.fortiguard.com/encyclopedia/ips/10998
MS.IE.MSN.Heartbeat.ActiveX.Object.Access,https://www.fortiguard.com/encyclopedia/ips/10985
MS.IE.MsnPUpld.ActiveX.Control.Access,https://www.fortiguard.com/encyclopedia/ips/11009
MS.IE.MultimediaFile.PropertySheet.ActiveX.Object.Access,https://www.fortiguard.com/encyclopedia/ips/10977
MS.IE.Registration.Wizard.Buffer.Overflow,https://www.fortiguard.com/encyclopedia/ips/10989
MS.IE.System.Monitor.ActiveX.Object.DoS,https://www.fortiguard.com/encyclopedia/ips/10969
Tcpdump.LDP.Print.Zero.Length.Message.UDP.DoS,https://www.fortiguard.com/encyclopedia/ips/10963
MS.IIS.Server.Name.Spoofing,https://www.fortiguard.com/encyclopedia/ips/10950
Harber.Listen.exe.Exploit,https://www.fortiguard.com/encyclopedia/ips/10900
Icecast.Base64.Authorization.DoS,https://www.fortiguard.com/encyclopedia/ips/10905
MS.RPC.Spoolss.Buffer.Overflow,https://www.fortiguard.com/encyclopedia/ips/10904
MailEnable.Login.Buffer.Overflow,https://www.fortiguard.com/encyclopedia/ips/10901
Oracle.Solaris.Kodak.KCMS.Path.Traversal,https://www.fortiguard.com/encyclopedia/ips/10870
Arkeia.Long.Request.Buffer.Overflow,https://www.fortiguard.com/encyclopedia/ips/10837
CGI.SiteInteractive.Setup.PL.Arbitrary.Command.Execution,https://www.fortiguard.com/encyclopedia/ips/10838
CGI.CHETCPASSWD.Shadow.File.Disclosure,https://www.fortiguard.com/encyclopedia/ips/10825
Pro.GateKeeper.Web.Proxy.Buffer.Overflow,https://www.fortiguard.com/encyclopedia/ips/10800
Apache.Cocoon.Path.Traversal,https://www.fortiguard.com/encyclopedia/ips/10779
AOLserver.Path.Traversal,https://www.fortiguard.com/encyclopedia/ips/10572
ActivePerl.PerlIS.DLL.Remote.Buffer.Overflow,https://www.fortiguard.com/encyclopedia/ips/10511
CGI.CSLiveSupport.Remote.Command.Execution,https://www.fortiguard.com/encyclopedia/ips/10614
CGI.CSNews.Remote.Command.Execution,https://www.fortiguard.com/encyclopedia/ips/10617
HTTP.Host.Header.Buffer.Overflow,https://www.fortiguard.com/encyclopedia/ips/10732
MS.DirectX.DirectShow.Buffer.Overflow,https://www.fortiguard.com/encyclopedia/ips/10594
MS.IE.DBCS.Address.Bar.Spoofing,https://www.fortiguard.com/encyclopedia/ips/10556
MS.IE.HTML.Same.Origin.Policy.Violation,https://www.fortiguard.com/encyclopedia/ips/10539
Oracle.Database.Net.Services.Listener.DoS,https://www.fortiguard.com/encyclopedia/ips/10758
Oracle.Database.TNS.Listener.OneByte.DoS,https://www.fortiguard.com/encyclopedia/ips/10725
SAP.Internet.Transaction.Server.Information.Disclosure,https://www.fortiguard.com/encyclopedia/ips/10711
SalesLogix.Sensitive.Information.Disclosure,https://www.fortiguard.com/encyclopedia/ips/10593
Webpage.Link.Hostname.Overly.Long,https://www.fortiguard.com/encyclopedia/ips/10494
cPanel.Multiple.Script.XSS,https://www.fortiguard.com/encyclopedia/ips/10643
FTP.NLST.Path.Traversal,https://www.fortiguard.com/encyclopedia/ips/10462
MS.Windows.2000.LANMAN.DoS,https://www.fortiguard.com/encyclopedia/ips/10444
MS.Windows.XP.HCP.URI.Handler.Arbitrary.Command.Execution,https://www.fortiguard.com/encyclopedia/ips/10403
Naxtor.Edirectory.Message.ASP.XSS,https://www.fortiguard.com/encyclopedia/ips/10367
PHP.FlatNuke.XSS,https://www.fortiguard.com/encyclopedia/ips/10361
SMTP.RCPT.TO.Command.Buffer.Overflow,https://www.fortiguard.com/encyclopedia/ips/10378
MS.SQL.Server.SQLXML.Buffer.Overflow,https://www.fortiguard.com/encyclopedia/ips/10347
Oracle.Reports.CVE-2005-2378.Arbitrary.File.Disclosure,https://www.fortiguard.com/encyclopedia/ips/10339
MS.SQL.Server.Resolution.Service.Stack.Buffer.Overflow,https://www.fortiguard.com/encyclopedia/ips/10328
3Com.3CDaemon.FTP.Server.Information.Disclosure,https://www.fortiguard.com/encyclopedia/ips/10174
Veritas.Backup.Exec.Agent.Invalid.Error.Status.DoS,https://www.fortiguard.com/encyclopedia/ips/10135
MS.Telnet.Client.Remote.Information.Disclosure,https://www.fortiguard.com/encyclopedia/ips/10092
ISC.DHCPD.Hostname.Buffer.Overflow,https://www.fortiguard.com/encyclopedia/ips/10041
Oracle.Database.XDB.FTP.Unlock.Buffer.Overflow,https://www.fortiguard.com/encyclopedia/ips/10018
